{
   "Children":
   [
	  {
         "Name": "bg",
         "Type": "PressButton",
         "Font": "Arial",
         "TextKey": "",
         "UpOutState": "bg",
         "UpOverState": "bg",
         "DownOverState": "bg",
         "PositionOffset": "0|0"
      },
      {
         "Name": "Play",
         "Type": "PressButton",
         "Font": "Arial",
         "TextKey": "",
         "UpOutState": "play",
         "UpOverState": "playSelect",
         "DownOverState": "play",
         "PositionOffset": "558|150"
      },
      {
         "Name": "Exit",
         "Type": "PressButton",
         "Font": "Arial",
         "TextKey": "",
         "UpOutState": "exit",
         "UpOverState": "exitSelect",
         "DownOverState": "exit",
         "PositionOffset": "558|550"
      },
	  {
         "Name": "Multiplayer",
         "Type": "PressButton",
         "Font": "Arial",
         "TextKey": "",
         "UpOutState": "multi",
         "UpOverState": "multiSelect",
         "DownOverState": "multi",
         "PositionOffset": "558|350"
      },
	  {
         "Name": "pong",
         "Type": "PressButton",
         "Font": "Arial",
         "TextKey": "",
         "UpOutState": "pong",
         "UpOverState": "pong",
         "DownOverState": "pong",
         "PositionOffset": "70|250"
      }
   ]
}
